,gender,name,location,email,login,dob,registered,phone,cell,id,picture,nat
title,male,Mr,,hmd.kmyrn@example.com,,,,077-53452945,0946-638-9785,,,IR
first,male,حامد,,hmd.kmyrn@example.com,,,,077-53452945,0946-638-9785,,,IR
last,male,كامياران,,hmd.kmyrn@example.com,,,,077-53452945,0946-638-9785,,,IR
street,male,,"{'number': 6482, 'name': 'نبرد'}",hmd.kmyrn@example.com,,,,077-53452945,0946-638-9785,,,IR
city,male,,همدان,hmd.kmyrn@example.com,,,,077-53452945,0946-638-9785,,,IR
state,male,,هرمزگان,hmd.kmyrn@example.com,,,,077-53452945,0946-638-9785,,,IR
country,male,,Iran,hmd.kmyrn@example.com,,,,077-53452945,0946-638-9785,,,IR
postcode,male,,80191,hmd.kmyrn@example.com,,,,077-53452945,0946-638-9785,,,IR
coordinates,male,,"{'latitude': '16.6563', 'longitude': '-111.4734'}",hmd.kmyrn@example.com,,,,077-53452945,0946-638-9785,,,IR
timezone,male,,"{'offset': '+4:00', 'description': 'Abu Dhabi, Muscat, Baku, Tbilisi'}",hmd.kmyrn@example.com,,,,077-53452945,0946-638-9785,,,IR
uuid,male,,,hmd.kmyrn@example.com,489addac-0943-4506-9994-02c1cb85793f,,,077-53452945,0946-638-9785,,,IR
username,male,,,hmd.kmyrn@example.com,purpleelephant122,,,077-53452945,0946-638-9785,,,IR
password,male,,,hmd.kmyrn@example.com,mario,,,077-53452945,0946-638-9785,,,IR
salt,male,,,hmd.kmyrn@example.com,aLsmtcAY,,,077-53452945,0946-638-9785,,,IR
md5,male,,,hmd.kmyrn@example.com,aebb0c53619cdb781fc734608c4468a2,,,077-53452945,0946-638-9785,,,IR
sha1,male,,,hmd.kmyrn@example.com,3b1a48ce569c82dee56072e228a06a515100aadf,,,077-53452945,0946-638-9785,,,IR
sha256,male,,,hmd.kmyrn@example.com,2a56c6da08439462114858635818842e0f7059605c2dad848a5018e9e6350bc6,,,077-53452945,0946-638-9785,,,IR
date,male,,,hmd.kmyrn@example.com,,1953-03-30T21:22:22.550Z,2017-07-01T09:47:12.231Z,077-53452945,0946-638-9785,,,IR
age,male,,,hmd.kmyrn@example.com,,69,5,077-53452945,0946-638-9785,,,IR
name,male,,,hmd.kmyrn@example.com,,,,077-53452945,0946-638-9785,,,IR
value,male,,,hmd.kmyrn@example.com,,,,077-53452945,0946-638-9785,,,IR
large,male,,,hmd.kmyrn@example.com,,,,077-53452945,0946-638-9785,,https://randomuser.me/api/portraits/men/6.jpg,IR
medium,male,,,hmd.kmyrn@example.com,,,,077-53452945,0946-638-9785,,https://randomuser.me/api/portraits/med/men/6.jpg,IR
thumbnail,male,,,hmd.kmyrn@example.com,,,,077-53452945,0946-638-9785,,https://randomuser.me/api/portraits/thumb/men/6.jpg,IR
